marca,year,potencia.mar.agos,sexo,peso
8ST,1995,0.03,Hembra,151.5
12ST,1995,0.03,Macho,151.5
51ST,1996,-0.3666666667,Hembra,120.5
56ST,1997,0.95,Hembra,152
90ST,1998,0.15,Hembra,164.5
94ST,1998,0.15,Hembra,177
100ST,1998,0.15,Hembra,149.5
101ST,1998,0.15,Hembra,138.5
106ST,1998,0.15,Hembra,169.5
114ST,1998,0.15,Hembra,186
116ST,1998,0.15,Hembra,154
119ST,1998,0.15,Hembra,140.5
120ST,1998,0.15,Hembra,85
67ST,1998,0.15,Macho,137
72ST,1998,0.15,Macho,182
78ST,1998,0.15,Macho,155
81ST,1998,0.15,Macho,162.5
83ST,1998,0.15,Macho,196.5
84ST,1998,0.15,Macho,167
105ST,1998,0.15,Macho,163
115ST,1998,0.15,Macho,168.5
121ST,1998,0.15,Macho,128
127ST,2001,-0.2166666667,Hembra,142.5
128ST,2001,-0.2166666667,Hembra,150
136ST,2001,-0.2166666667,Hembra,155.5
137ST,2001,-0.2166666667,Hembra,194
139ST,2001,-0.2166666667,Hembra,141
142ST,2001,-0.2166666667,Hembra,180
143ST,2001,-0.2166666667,Hembra,171
144ST,2001,-0.2166666667,Hembra,183
145ST,2001,-0.2166666667,Hembra,82
147ST,2001,-0.2166666667,Hembra,173
152ST,2001,-0.2166666667,Hembra,154
153ST,2001,-0.2166666667,Hembra,174
154ST,2001,-0.2166666667,Hembra,147
159ST,2001,-0.2166666667,Hembra,183.5
160ST,2001,-0.2166666667,Hembra,147.5
161ST,2001,-0.2166666667,Hembra,169
164ST,2001,-0.2166666667,Hembra,141.5
166ST,2001,-0.2166666667,Hembra,171
167ST,2001,-0.2166666667,Hembra,134
168ST,2001,-0.2166666667,Hembra,136
169ST,2001,-0.2166666667,Hembra,142
170ST,2001,-0.2166666667,Hembra,93
171ST,2001,-0.2166666667,Hembra,147
173ST,2001,-0.2166666667,Hembra,149
174ST,2001,-0.2166666667,Hembra,155.5
175ST,2001,-0.2166666667,Hembra,141.5
178ST,2001,-0.2166666667,Hembra,135
181ST,2001,-0.2166666667,Hembra,177
183ST,2001,-0.2166666667,Hembra,157.5
184ST,2001,-0.2166666667,Hembra,165
185ST,2001,-0.2166666667,Hembra,167
186ST,2001,-0.2166666667,Hembra,131.5
187ST,2001,-0.2166666667,Hembra,193
192ST,2001,-0.2166666667,Hembra,105
195ST,2001,-0.2166666667,Hembra,164
197ST,2001,-0.2166666667,Hembra,128
203ST,2001,-0.2166666667,Hembra,190.5
204ST,2001,-0.2166666667,Hembra,143.5
126ST,2001,-0.2166666667,Macho,181.5
129ST,2001,-0.2166666667,Macho,135
130st,2001,-0.2166666667,Macho,168.5
131st,2001,-0.2166666667,Macho,146.5
132ST,2001,-0.2166666667,Macho,134
133ST,2001,-0.2166666667,Macho,165.5
134ST,2001,-0.2166666667,Macho,171
135ST,2001,-0.2166666667,Macho,123
138ST,2001,-0.2166666667,Macho,171
140ST,2001,-0.2166666667,Macho,187
141ST,2001,-0.2166666667,Macho,225
146ST,2001,-0.2166666667,Macho,148
148st,2001,-0.2166666667,Macho,159
149st,2001,-0.2166666667,Macho,180.5
150ST,2001,-0.2166666667,Macho,150
151ST,2001,-0.2166666667,Macho,173
155ST,2001,-0.2166666667,Macho,161
156ST,2001,-0.2166666667,Macho,195
157ST,2001,-0.2166666667,Macho,137
158ST,2001,-0.2166666667,Macho,151
162ST,2001,-0.2166666667,Macho,185.5
163ST,2001,-0.2166666667,Macho,150.5
165ST,2001,-0.2166666667,Macho,141.5
172ST,2001,-0.2166666667,Macho,118
176ST,2001,-0.2166666667,Macho,126
177ST,2001,-0.2166666667,Macho,119
179ST,2001,-0.2166666667,Macho,172
180ST,2001,-0.2166666667,Macho,181
182ST,2001,-0.2166666667,Macho,144
188ST,2001,-0.2166666667,Macho,145
189ST,2001,-0.2166666667,Macho,206
190ST,2001,-0.2166666667,Macho,147.5
191ST,2001,-0.2166666667,Macho,170
193ST,2001,-0.2166666667,Macho,163
194ST,2001,-0.2166666667,Macho,153
196ST,2001,-0.2166666667,Macho,148
198ST,2001,-0.2166666667,Macho,132.5
199ST,2001,-0.2166666667,Macho,168
200ST,2001,-0.2166666667,Macho,149
201ST,2001,-0.2166666667,Macho,184
202ST,2001,-0.2166666667,Macho,173
207ST,2002,0.5166666667,Hembra,104.5
211ST,2002,0.5166666667,Hembra,155
214ST,2002,0.5166666667,Hembra,153
215ST,2002,0.5166666667,Hembra,115.5
216ST,2002,0.5166666667,Hembra,137
217ST,2002,0.5166666667,Hembra,119.5
219ST,2002,0.5166666667,Hembra,172.5
220ST,2002,0.5166666667,Hembra,162.5
224ST,2002,0.5166666667,Hembra,137.5
228ST,2002,0.5166666667,Hembra,151.5
229ST,2002,0.5166666667,Hembra,147.5
231ST,2002,0.5166666667,Hembra,131
233ST,2002,0.5166666667,Hembra,170
234ST,2002,0.5166666667,Hembra,118.5
236ST,2002,0.5166666667,Hembra,146
237ST,2002,0.5166666667,Hembra,117
239ST,2002,0.5166666667,Hembra,134.5
240ST,2002,0.5166666667,Hembra,143
244ST,2002,0.5166666667,Hembra,106
245ST,2002,0.5166666667,Hembra,87.5
247ST,2002,0.5166666667,Hembra,162.5
251ST,2002,0.5166666667,Hembra,119.5
253ST,2002,0.5166666667,Hembra,149
255ST,2002,0.5166666667,Hembra,113
257ST,2002,0.5166666667,Hembra,135.5
258ST,2002,0.5166666667,Hembra,105.5
259ST,2002,0.5166666667,Hembra,146.5
260ST,2002,0.5166666667,Hembra,190.5
261ST,2002,0.5166666667,Hembra,154.5
264ST,2002,0.5166666667,Hembra,117.5
265ST,2002,0.5166666667,Hembra,153
266ST,2002,0.5166666667,Hembra,142.5
268ST,2002,0.5166666667,Hembra,132
269ST,2002,0.5166666667,Hembra,145
270ST,2002,0.5166666667,Hembra,130.5
275ST,2002,0.5166666667,Hembra,101.5
276ST,2002,0.5166666667,Hembra,138
279ST,2002,0.5166666667,Hembra,198
282ST,2002,0.5166666667,Hembra,114.5
283ST,2002,0.5166666667,Hembra,147
285ST,2002,0.5166666667,Hembra,146.5
291ST,2002,0.5166666667,Hembra,146
293ST,2002,0.5166666667,Hembra,178.5
294ST,2002,0.5166666667,Hembra,141.5
295ST,2002,0.5166666667,Hembra,116
296ST,2002,0.5166666667,Hembra,167
298ST,2002,0.5166666667,Hembra,166
299ST,2002,0.5166666667,Hembra,163
300ST,2002,0.5166666667,Hembra,152
301ST,2002,0.5166666667,Hembra,122.5
302ST,2002,0.5166666667,Hembra,139.5
304ST,2002,0.5166666667,Hembra,156
305ST,2002,0.5166666667,Hembra,172.5
310ST,2002,0.5166666667,Hembra,166.5
312ST,2002,0.5166666667,Hembra,119
314ST,2002,0.5166666667,Hembra,123.5
315ST,2002,0.5166666667,Hembra,160
316ST,2002,0.5166666667,Hembra,151
317ST,2002,0.5166666667,Hembra,199.5
322ST,2002,0.5166666667,Hembra,148.5
323ST,2002,0.5166666667,Hembra,97.5
331ST,2002,0.5166666667,Hembra,85
332ST,2002,0.5166666667,Hembra,159
335ST,2002,0.5166666667,Hembra,135
336ST,2002,0.5166666667,Hembra,138
337ST,2002,0.5166666667,Hembra,159
338ST,2002,0.5166666667,Hembra,137.5
339ST,2002,0.5166666667,Hembra,160
342ST,2002,0.5166666667,Hembra,179
343ST,2002,0.5166666667,Hembra,157.5
346ST,2002,0.5166666667,Hembra,135
348ST,2002,0.5166666667,Hembra,148
351ST,2002,0.5166666667,Hembra,126
353ST,2002,0.5166666667,Hembra,103
354ST,2002,0.5166666667,Hembra,146.5
358ST,2002,0.5166666667,Hembra,102
360ST,2002,0.5166666667,Hembra,150
361ST,2002,0.5166666667,Hembra,116.5
362ST,2002,0.5166666667,Hembra,140
363ST,2002,0.5166666667,Hembra,130
365ST,2002,0.5166666667,Hembra,123.5
367ST,2002,0.5166666667,Hembra,125.5
368ST,2002,0.5166666667,Hembra,149
370ST,2002,0.5166666667,Hembra,180.5
371ST,2002,0.5166666667,Hembra,99.5
376ST,2002,0.5166666667,Hembra,148
205ST,2002,0.5166666667,Macho,148
206ST,2002,0.5166666667,Macho,173.5
208ST,2002,0.5166666667,Macho,175.5
209ST,2002,0.5166666667,Macho,159
210ST,2002,0.5166666667,Macho,152
212ST,2002,0.5166666667,Macho,144.5
213ST,2002,0.5166666667,Macho,130
218ST,2002,0.5166666667,Macho,163.5
221ST,2002,0.5166666667,Macho,95
222ST,2002,0.5166666667,Macho,168.5
223ST,2002,0.5166666667,Macho,149.5
225ST,2002,0.5166666667,Macho,106
226ST,2002,0.5166666667,Macho,93
227ST,2002,0.5166666667,Macho,161.5
230ST,2002,0.5166666667,Macho,161
232ST,2002,0.5166666667,Macho,93
233ST,2002,0.5166666667,Macho,133
235ST,2002,0.5166666667,Macho,172.5
238ST,2002,0.5166666667,Macho,173
241ST,2002,0.5166666667,Macho,145
242ST,2002,0.5166666667,Macho,200
243ST,2002,0.5166666667,Macho,155.5
246ST,2002,0.5166666667,Macho,190.5
248ST,2002,0.5166666667,Macho,162
249ST,2002,0.5166666667,Macho,193
250ST,2002,0.5166666667,Macho,93
252ST,2002,0.5166666667,Macho,155.5
254ST,2002,0.5166666667,Macho,123.5
256ST,2002,0.5166666667,Macho,175.5
262ST,2002,0.5166666667,Macho,162.5
263ST,2002,0.5166666667,Macho,169.5
267ST,2002,0.5166666667,Macho,141.5
271ST,2002,0.5166666667,Macho,152.5
272ST,2002,0.5166666667,Macho,181.5
273ST,2002,0.5166666667,Macho,161.5
274ST,2002,0.5166666667,Macho,170.5
277ST,2002,0.5166666667,Macho,98.5
278ST,2002,0.5166666667,Macho,156
280ST,2002,0.5166666667,Macho,171
281ST,2002,0.5166666667,Macho,145
284ST,2002,0.5166666667,Macho,168.5
286ST,2002,0.5166666667,Macho,148.5
287ST,2002,0.5166666667,Macho,153.5
288ST,2002,0.5166666667,Macho,162
289ST,2002,0.5166666667,Macho,195
290ST,2002,0.5166666667,Macho,187.5
292ST,2002,0.5166666667,Macho,185
297ST,2002,0.5166666667,Macho,145.5
303ST,2002,0.5166666667,Macho,159.5
306ST,2002,0.5166666667,Macho,169
307ST,2002,0.5166666667,Macho,158.5
308ST,2002,0.5166666667,Macho,139.5
309ST,2002,0.5166666667,Macho,199
311ST,2002,0.5166666667,Macho,172
313ST,2002,0.5166666667,Macho,252.5
318ST,2002,0.5166666667,Macho,177.5
319ST,2002,0.5166666667,Macho,192
320ST,2002,0.5166666667,Macho,182
321ST,2002,0.5166666667,Macho,163
324ST,2002,0.5166666667,Macho,172.5
325ST,2002,0.5166666667,Macho,193.5
326ST,2002,0.5166666667,Macho,136
327ST,2002,0.5166666667,Macho,182
328ST,2002,0.5166666667,Macho,201
329ST,2002,0.5166666667,Macho,198
330ST,2002,0.5166666667,Macho,153.5
333ST,2002,0.5166666667,Macho,147
334ST,2002,0.5166666667,Macho,171.5
340ST,2002,0.5166666667,Macho,195
341ST,2002,0.5166666667,Macho,138.5
344ST,2002,0.5166666667,Macho,118
345ST,2002,0.5166666667,Macho,119
347ST,2002,0.5166666667,Macho,197
349ST,2002,0.5166666667,Macho,158.5
350ST,2002,0.5166666667,Macho,223
355ST,2002,0.5166666667,Macho,134
356ST,2002,0.5166666667,Macho,143.5
357ST,2002,0.5166666667,Macho,131.5
359ST,2002,0.5166666667,Macho,185
364ST,2002,0.5166666667,Macho,168
366ST,2002,0.5166666667,Macho,150.5
369ST,2002,0.5166666667,Macho,144
372ST,2002,0.5166666667,Macho,107
373ST,2002,0.5166666667,Macho,171.5
374ST,2002,0.5166666667,Macho,130
375ST,2002,0.5166666667,Macho,165.5
381ST,2003,0.0333333333,Hembra,153
382ST,2003,0.0333333333,Hembra,139.5
385st,2003,0.0333333333,Hembra,200
387st,2003,0.0333333333,Hembra,157.5
388st,2003,0.0333333333,Hembra,127
389st,2003,0.0333333333,Hembra,131
391st,2003,0.0333333333,Hembra,144
394ST,2003,0.0333333333,Hembra,161
396ST,2003,0.0333333333,Hembra,138.5
398st,2003,0.0333333333,Hembra,138.5
399st,2003,0.0333333333,Hembra,149
400st,2003,0.0333333333,Hembra,85.5
404st,2003,0.0333333333,Hembra,124
406st,2003,0.0333333333,Hembra,155
409st,2003,0.0333333333,Hembra,142.5
411st,2003,0.0333333333,Hembra,159.5
412st,2003,0.0333333333,Hembra,141.5
414ST,2003,0.0333333333,Hembra,135
415st,2003,0.0333333333,Hembra,162.5
417st,2003,0.0333333333,Hembra,141.5
419st,2003,0.0333333333,Hembra,144
420st,2003,0.0333333333,Hembra,140
424st,2003,0.0333333333,Hembra,149.5
426st,2003,0.0333333333,Hembra,174
431st,2003,0.0333333333,Hembra,167
432st,2003,0.0333333333,Hembra,157
434st,2003,0.0333333333,Hembra,99.5
441ST,2003,0.0333333333,Hembra,163.5
442st,2003,0.0333333333,Hembra,183
444st,2003,0.0333333333,Hembra,155
446st,2003,0.0333333333,Hembra,155.5
448st,2003,0.0333333333,Hembra,108.5
451st,2003,0.0333333333,Hembra,118
452st,2003,0.0333333333,Hembra,169
454st,2003,0.0333333333,Hembra,148
455st,2003,0.0333333333,Hembra,176
456st,2003,0.0333333333,Hembra,152
457st,2003,0.0333333333,Hembra,96
460st,2003,0.0333333333,Hembra,163.5
468st,2003,0.0333333333,Hembra,137
470st,2003,0.0333333333,Hembra,166
471st,2003,0.0333333333,Hembra,150.5
472st,2003,0.0333333333,Hembra,106.5
478st,2003,0.0333333333,Hembra,185
479st,2003,0.0333333333,Hembra,176.5
480st,2003,0.0333333333,Hembra,141.5
481st,2003,0.0333333333,Hembra,160.5
484st,2003,0.0333333333,Hembra,169
485st,2003,0.0333333333,Hembra,187
486st,2003,0.0333333333,Hembra,165.5
491st,2003,0.0333333333,Hembra,143.5
492st,2003,0.0333333333,Hembra,159.5
493st,2003,0.0333333333,Hembra,156
494st,2003,0.0333333333,Hembra,151
495st,2003,0.0333333333,Hembra,172
496st,2003,0.0333333333,Hembra,147.5
499st,2003,0.0333333333,Hembra,136
501st,2003,0.0333333333,Hembra,183
503st,2003,0.0333333333,Hembra,187.5
504ST,2003,0.0333333333,Hembra,119
506st,2003,0.0333333333,Hembra,149.5
510st,2003,0.0333333333,Hembra,173.5
512ST,2003,0.0333333333,Hembra,159
380ST,2003,0.0333333333,Macho,139.5
383ST,2003,0.0333333333,Macho,166.5
384ST,2003,0.0333333333,Macho,153
386st,2003,0.0333333333,Macho,176
390st,2003,0.0333333333,Macho,191.5
392st,2003,0.0333333333,Macho,186
393st,2003,0.0333333333,Macho,150
395st,2003,0.0333333333,Macho,120
397st,2003,0.0333333333,Macho,96.5
401st,2003,0.0333333333,Macho,156.5
402st,2003,0.0333333333,Macho,162.5
403ST,2003,0.0333333333,Macho,144.5
405st,2003,0.0333333333,Macho,128
407st,2003,0.0333333333,Macho,167.5
408st,2003,0.0333333333,Macho,179
410st,2003,0.0333333333,Macho,185.5
413st,2003,0.0333333333,Macho,155
416st,2003,0.0333333333,Macho,161.5
418ST,2003,0.0333333333,Macho,124
421st,2003,0.0333333333,Macho,141.5
422st,2003,0.0333333333,Macho,166.5
423st,2003,0.0333333333,Macho,178
425st,2003,0.0333333333,Macho,184
427st,2003,0.0333333333,Macho,162.5
428st,2003,0.0333333333,Macho,130.5
429st,2003,0.0333333333,Macho,165
430st,2003,0.0333333333,Macho,188
433st,2003,0.0333333333,Macho,148
435st,2003,0.0333333333,Macho,194.5
436st,2003,0.0333333333,Macho,177
437st,2003,0.0333333333,Macho,168.5
438st,2003,0.0333333333,Macho,162
439st,2003,0.0333333333,Macho,143
440st,2003,0.0333333333,Macho,183
443ST,2003,0.0333333333,Macho,161
445st,2003,0.0333333333,Macho,93
447st,2003,0.0333333333,Macho,177.5
449st,2003,0.0333333333,Macho,111.5
450st,2003,0.0333333333,Macho,168.5
453st,2003,0.0333333333,Macho,221
458st,2003,0.0333333333,Macho,141
459st,2003,0.0333333333,Macho,179.5
461st,2003,0.0333333333,Macho,161
462st,2003,0.0333333333,Macho,173.5
463st,2003,0.0333333333,Macho,183
464st,2003,0.0333333333,Macho,121
465st,2003,0.0333333333,Macho,154.5
466st,2003,0.0333333333,Macho,131.5
467st,2003,0.0333333333,Macho,104.5
469ST,2003,0.0333333333,Macho,122
473st,2003,0.0333333333,Macho,162.5
474st,2003,0.0333333333,Macho,149
475st,2003,0.0333333333,Macho,180.5
476st,2003,0.0333333333,Macho,131.5
477ST,2003,0.0333333333,Macho,154.5
482st,2003,0.0333333333,Macho,166.5
483st,2003,0.0333333333,Macho,201
487st,2003,0.0333333333,Macho,145.5
488st,2003,0.0333333333,Macho,160
489st,2003,0.0333333333,Macho,134.5
490st,2003,0.0333333333,Macho,204
498st,2003,0.0333333333,Macho,156
498ST,2003,0.0333333333,Macho,152.5
500st,2003,0.0333333333,Macho,168
502st,2003,0.0333333333,Macho,187.5
505st,2003,0.0333333333,Macho,190
507st,2003,0.0333333333,Macho,153
508st,2003,0.0333333333,Macho,168
509st,2003,0.0333333333,Macho,147.5
511st,2003,0.0333333333,Macho,107
513ST,2004,0.3333333333,Hembra,203
514ST,2004,0.3333333333,Hembra,135.5
515ST,2004,0.3333333333,Hembra,173.5
519ST,2004,0.3333333333,Hembra,100
521ST,2004,0.3333333333,Hembra,161
524ST,2004,0.3333333333,Hembra,150.5
525ST,2004,0.3333333333,Hembra,123.5
527ST,2004,0.3333333333,Hembra,157.5
528ST,2004,0.3333333333,Hembra,131.5
535ST,2004,0.3333333333,Hembra,138.5
536ST,2004,0.3333333333,Hembra,156.5
537ST,2004,0.3333333333,Hembra,94.5
539ST,2004,0.3333333333,Hembra,206
541ST,2004,0.3333333333,Hembra,181
545ST,2004,0.3333333333,Hembra,177.5
546ST,2004,0.3333333333,Hembra,184
547ST,2004,0.3333333333,Hembra,99.5
548ST,2004,0.3333333333,Hembra,154.5
550ST,2004,0.3333333333,Hembra,141.5
551ST,2004,0.3333333333,Hembra,156
559ST,2004,0.3333333333,Hembra,216.5
561ST,2004,0.3333333333,Hembra,165.5
562ST,2004,0.3333333333,Hembra,172
563ST,2004,0.3333333333,Hembra,169
564ST,2004,0.3333333333,Hembra,134
565ST,2004,0.3333333333,Hembra,145
566ST,2004,0.3333333333,Hembra,170
567ST,2004,0.3333333333,Hembra,145.5
568ST,2004,0.3333333333,Hembra,146.5
571ST,2004,0.3333333333,Hembra,127
573ST,2004,0.3333333333,Hembra,174.5
574ST,2004,0.3333333333,Hembra,162.5
575ST,2004,0.3333333333,Hembra,171
579ST,2004,0.3333333333,Hembra,158.5
580ST,2004,0.3333333333,Hembra,141
582ST,2004,0.3333333333,Hembra,166.5
583ST,2004,0.3333333333,Hembra,182.5
584ST,2004,0.3333333333,Hembra,150
585ST,2004,0.3333333333,Hembra,191.5
586ST,2004,0.3333333333,Hembra,142.5
587ST,2004,0.3333333333,Hembra,180.5
591ST,2004,0.3333333333,Hembra,120.5
595ST,2004,0.3333333333,Hembra,148.5
596ST,2004,0.3333333333,Hembra,152.5
597ST,2004,0.3333333333,Hembra,79
601ST,2004,0.3333333333,Hembra,175
604ST,2004,0.3333333333,Hembra,151
605ST,2004,0.3333333333,Hembra,126.5
606ST,2004,0.3333333333,Hembra,155
611ST,2004,0.3333333333,Hembra,139
613ST,2004,0.3333333333,Hembra,154
615ST,2004,0.3333333333,Hembra,110
616ST,2004,0.3333333333,Hembra,175
618ST,2004,0.3333333333,Hembra,168
620ST,2004,0.3333333333,Hembra,194
627ST,2004,0.3333333333,Hembra,135.5
628ST,2004,0.3333333333,Hembra,149
629ST,2004,0.3333333333,Hembra,160.5
516ST,2004,0.3333333333,Macho,95.5
517ST,2004,0.3333333333,Macho,163
518ST,2004,0.3333333333,Macho,161
520ST,2004,0.3333333333,Macho,107.5
522ST,2004,0.3333333333,Macho,199.5
523ST,2004,0.3333333333,Macho,164
526ST,2004,0.3333333333,Macho,160
529ST,2004,0.3333333333,Macho,195
530ST,2004,0.3333333333,Macho,173.5
531ST,2004,0.3333333333,Macho,202.5
532ST,2004,0.3333333333,Macho,197.5
534ST,2004,0.3333333333,Macho,161
538ST,2004,0.3333333333,Macho,171
540ST,2004,0.3333333333,Macho,129
542ST,2004,0.3333333333,Macho,132.5
543ST,2004,0.3333333333,Macho,187
544ST,2004,0.3333333333,Macho,129.5
549ST,2004,0.3333333333,Macho,136.5
552ST,2004,0.3333333333,Macho,176.5
553ST,2004,0.3333333333,Macho,171.5
554ST,2004,0.3333333333,Macho,179
555ST,2004,0.3333333333,Macho,174
556ST,2004,0.3333333333,Macho,192
557ST,2004,0.3333333333,Macho,173.5
558ST,2004,0.3333333333,Macho,132.5
560ST,2004,0.3333333333,Macho,140
569ST,2004,0.3333333333,Macho,183
570ST,2004,0.3333333333,Macho,145
572ST,2004,0.3333333333,Macho,206
576ST,2004,0.3333333333,Macho,170.5
577ST,2004,0.3333333333,Macho,191.5
578ST,2004,0.3333333333,Macho,159
581ST,2004,0.3333333333,Macho,177.5
588ST,2004,0.3333333333,Macho,171.5
589ST,2004,0.3333333333,Macho,155
590ST,2004,0.3333333333,Macho,202
592ST,2004,0.3333333333,Macho,141.5
593ST,2004,0.3333333333,Macho,194
594ST,2004,0.3333333333,Macho,79
598ST,2004,0.3333333333,Macho,161
599ST,2004,0.3333333333,Macho,179
600ST,2004,0.3333333333,Macho,203
602ST,2004,0.3333333333,Macho,197
603ST,2004,0.3333333333,Macho,177.5
607ST,2004,0.3333333333,Macho,184
608ST,2004,0.3333333333,Macho,157.5
609ST,2004,0.3333333333,Macho,179
610ST,2004,0.3333333333,Macho,180
612ST,2004,0.3333333333,Macho,169
614ST,2004,0.3333333333,Macho,156
617ST,2004,0.3333333333,Macho,173.5
619ST,2004,0.3333333333,Macho,161.5
621ST,2004,0.3333333333,Macho,154.5
622ST,2004,0.3333333333,Macho,190
623ST,2004,0.3333333333,Macho,158
624ST,2004,0.3333333333,Macho,156.5
625ST,2004,0.3333333333,Macho,218.5
626ST,2004,0.3333333333,Macho,201.5
630ST,2005,0.1666666667,Hembra,142.5
633ST,2005,0.1666666667,Hembra,141.5
634ST,2005,0.1666666667,Hembra,136
636ST,2005,0.1666666667,Hembra,140.5
638ST,2005,0.1666666667,Hembra,148.5
639ST,2005,0.1666666667,Hembra,180.5
640ST,2005,0.1666666667,Hembra,153
645ST,2005,0.1666666667,Hembra,142
647ST,2005,0.1666666667,Hembra,170.5
649ST,2005,0.1666666667,Hembra,161
651ST,2005,0.1666666667,Hembra,115.5
655ST,2005,0.1666666667,Hembra,118
656ST,2005,0.1666666667,Hembra,133
658ST,2005,0.1666666667,Hembra,136
659ST,2005,0.1666666667,Hembra,146.5
661ST,2005,0.1666666667,Hembra,117.5
663ST,2005,0.1666666667,Hembra,147
665ST,2005,0.1666666667,Hembra,145
667ST,2005,0.1666666667,Hembra,176.5
668ST,2005,0.1666666667,Hembra,156
672ST,2005,0.1666666667,Hembra,141.5
673ST,2005,0.1666666667,Hembra,150.5
674ST,2005,0.1666666667,Hembra,166
675ST,2005,0.1666666667,Hembra,122.5
676ST,2005,0.1666666667,Hembra,142.5
677ST,2005,0.1666666667,Hembra,129.5
681ST,2005,0.1666666667,Hembra,177.5
682ST,2005,0.1666666667,Hembra,172.6
683ST,2005,0.1666666667,Hembra,107.5
684ST,2005,0.1666666667,Hembra,136
685ST,2005,0.1666666667,Hembra,166
687ST,2005,0.1666666667,Hembra,154.5
688ST,2005,0.1666666667,Hembra,157.5
689ST,2005,0.1666666667,Hembra,140
690ST,2005,0.1666666667,Hembra,167.5
691ST,2005,0.1666666667,Hembra,143
693ST,2005,0.1666666667,Hembra,170
694ST,2005,0.1666666667,Hembra,168
695ST,2005,0.1666666667,Hembra,185.5
700ST,2005,0.1666666667,Hembra,143
701ST,2005,0.1666666667,Hembra,145
704ST,2005,0.1666666667,Hembra,148
705ST,2005,0.1666666667,Hembra,138.5
708ST,2005,0.1666666667,Hembra,71.5
712ST,2005,0.1666666667,Hembra,157
714ST,2005,0.1666666667,Hembra,134
715ST,2005,0.1666666667,Hembra,161.5
716ST,2005,0.1666666667,Hembra,151
719ST,2005,0.1666666667,Hembra,181
720ST,2005,0.1666666667,Hembra,153
724ST,2005,0.1666666667,Hembra,162
726ST,2005,0.1666666667,Hembra,208.5
727ST,2005,0.1666666667,Hembra,152.5
728ST,2005,0.1666666667,Hembra,152.5
729ST,2005,0.1666666667,Hembra,157.5
631ST,2005,0.1666666667,Macho,183.5
632ST,2005,0.1666666667,Macho,160
635ST,2005,0.1666666667,Macho,148
637ST,2005,0.1666666667,Macho,110.5
641ST,2005,0.1666666667,Macho,164
642ST,2005,0.1666666667,Macho,169.5
643ST,2005,0.1666666667,Macho,145
644ST,2005,0.1666666667,Macho,189
646ST,2005,0.1666666667,Macho,200
648ST,2005,0.1666666667,Macho,170.5
650ST,2005,0.1666666667,Macho,133
652ST,2005,0.1666666667,Macho,188
653ST,2005,0.1666666667,Macho,213.5
654ST,2005,0.1666666667,Macho,181.5
657ST,2005,0.1666666667,Macho,138
660ST,2005,0.1666666667,Macho,149
662ST,2005,0.1666666667,Macho,141.5
664ST,2005,0.1666666667,Macho,139
666ST,2005,0.1666666667,Macho,131.5
669ST,2005,0.1666666667,Macho,160
670ST,2005,0.1666666667,Macho,186.5
671ST,2005,0.1666666667,Macho,150
678ST,2005,0.1666666667,Macho,143.5
679ST,2005,0.1666666667,Macho,108.5
680ST,2005,0.1666666667,Macho,165
686ST,2005,0.1666666667,Macho,167.5
692ST,2005,0.1666666667,Macho,134
696ST,2005,0.1666666667,Macho,158
697ST,2005,0.1666666667,Macho,140.5
698ST,2005,0.1666666667,Macho,116.5
699ST,2005,0.1666666667,Macho,147
702ST,2005,0.1666666667,Macho,182
703ST,2005,0.1666666667,Macho,144.5
706ST,2005,0.1666666667,Macho,144.5
707ST,2005,0.1666666667,Macho,215
709ST,2005,0.1666666667,Macho,123
710ST,2005,0.1666666667,Macho,182
711ST,2005,0.1666666667,Macho,174.5
713ST,2005,0.1666666667,Macho,134.5
717ST,2005,0.1666666667,Macho,152.5
718ST,2005,0.1666666667,Macho,150
721ST,2005,0.1666666667,Macho,167
722ST,2005,0.1666666667,Macho,140
723ST,2005,0.1666666667,Macho,178.5
725ST,2005,0.1666666667,Macho,183
731ST,2006,-0.0666666667,Hembra,186
734ST,2006,-0.0666666667,Hembra,176
735ST,2006,-0.0666666667,Hembra,157.5
736ST,2006,-0.0666666667,Hembra,148
740ST,2006,-0.0666666667,Hembra,98
741ST,2006,-0.0666666667,Hembra,153.5
742ST,2006,-0.0666666667,Hembra,127.5
743ST,2006,-0.0666666667,Hembra,172
746ST,2006,-0.0666666667,Hembra,157
748ST,2006,-0.0666666667,Hembra,189
753ST,2006,-0.0666666667,Hembra,155
754ST,2006,-0.0666666667,Hembra,113
761ST,2006,-0.0666666667,Hembra,171.5
763ST,2006,-0.0666666667,Hembra,129.5
767ST,2006,-0.0666666667,Hembra,146.5
770ST,2006,-0.0666666667,Hembra,141.5
771ST,2006,-0.0666666667,Hembra,179
773ST,2006,-0.0666666667,Hembra,166.5
774ST,2006,-0.0666666667,Hembra,146
779ST,2006,-0.0666666667,Hembra,161.5
780ST,2006,-0.0666666667,Hembra,158
783ST,2006,-0.0666666667,Hembra,204.5
786ST,2006,-0.0666666667,Hembra,147.5
787ST,2006,-0.0666666667,Hembra,157
791ST,2006,-0.0666666667,Hembra,179
794ST,2006,-0.0666666667,Hembra,187.5
796ST,2006,-0.0666666667,Hembra,199.5
800ST,2006,-0.0666666667,Hembra,171
805ST,2006,-0.0666666667,Hembra,225.5
806ST,2006,-0.0666666667,Hembra,143.5
807ST,2006,-0.0666666667,Hembra,185.5
810ST,2006,-0.0666666667,Hembra,142.5
813ST,2006,-0.0666666667,Hembra,141.5
815ST,2006,-0.0666666667,Hembra,133.5
816ST,2006,-0.0666666667,Hembra,150.5
817ST,2006,-0.0666666667,Hembra,185.5
819ST,2006,-0.0666666667,Hembra,151.5
822ST,2006,-0.0666666667,Hembra,179
828ST,2006,-0.0666666667,Hembra,147.5
829ST,2006,-0.0666666667,Hembra,162
830ST,2006,-0.0666666667,Hembra,160.5
832ST,2006,-0.0666666667,Hembra,220.5
833ST,2006,-0.0666666667,Hembra,162
837ST,2006,-0.0666666667,Hembra,155.5
838ST,2006,-0.0666666667,Hembra,207
839ST,2006,-0.0666666667,Hembra,141.5
843ST,2006,-0.0666666667,Hembra,179.5
850ST,2006,-0.0666666667,Hembra,147
853ST,2006,-0.0666666667,Hembra,102
856ST,2006,-0.0666666667,Hembra,130
857ST,2006,-0.0666666667,Hembra,142.5
861ST,2006,-0.0666666667,Hembra,154
862ST,2006,-0.0666666667,Hembra,166
865ST,2006,-0.0666666667,Hembra,186.5
866ST,2006,-0.0666666667,Hembra,191
867ST,2006,-0.0666666667,Hembra,175.5
868ST,2006,-0.0666666667,Hembra,101.5
869ST,2006,-0.0666666667,Hembra,134
870ST,2006,-0.0666666667,Hembra,145
872ST,2006,-0.0666666667,Hembra,179.5
730ST,2006,-0.0666666667,Macho,182
732ST,2006,-0.0666666667,Macho,156.5
733ST,2006,-0.0666666667,Macho,171
737ST,2006,-0.0666666667,Macho,179.5
738ST,2006,-0.0666666667,Macho,183.5
739ST,2006,-0.0666666667,Macho,183
744ST,2006,-0.0666666667,Macho,150
745ST,2006,-0.0666666667,Macho,173
747ST,2006,-0.0666666667,Macho,210
749ST,2006,-0.0666666667,Macho,177
750ST,2006,-0.0666666667,Macho,177.5
751ST,2006,-0.0666666667,Macho,199.5
752ST,2006,-0.0666666667,Macho,186.5
755ST,2006,-0.0666666667,Macho,173
756ST,2006,-0.0666666667,Macho,130.5
757ST,2006,-0.0666666667,Macho,133.5
758ST,2006,-0.0666666667,Macho,185
759ST,2006,-0.0666666667,Macho,185.5
760ST,2006,-0.0666666667,Macho,158
762ST,2006,-0.0666666667,Macho,152.5
764ST,2006,-0.0666666667,Macho,125.5
765ST,2006,-0.0666666667,Macho,176.5
766ST,2006,-0.0666666667,Macho,166
768ST,2006,-0.0666666667,Macho,121
769ST,2006,-0.0666666667,Macho,179.5
772ST,2006,-0.0666666667,Macho,182
775ST,2006,-0.0666666667,Macho,184.5
776ST,2006,-0.0666666667,Macho,144.5
777ST,2006,-0.0666666667,Macho,166
778ST,2006,-0.0666666667,Macho,189
781ST,2006,-0.0666666667,Macho,170
782ST,2006,-0.0666666667,Macho,167
784ST,2006,-0.0666666667,Macho,150.5
785ST,2006,-0.0666666667,Macho,141.5
788ST,2006,-0.0666666667,Macho,155.5
789ST,2006,-0.0666666667,Macho,185
790ST0 (ST0 x confusión),2006,-0.0666666667,Macho,143.5
792ST,2006,-0.0666666667,Macho,170.5
793ST,2006,-0.0666666667,Macho,149
795ST,2006,-0.0666666667,Macho,184
797ST,2006,-0.0666666667,Macho,176.5
798ST,2006,-0.0666666667,Macho,201
799ST,2006,-0.0666666667,Macho,185
801ST,2006,-0.0666666667,Macho,173
802ST,2006,-0.0666666667,Macho,173.5
803ST,2006,-0.0666666667,Macho,167
804ST,2006,-0.0666666667,Macho,185.5
808ST,2006,-0.0666666667,Macho,167
809ST,2006,-0.0666666667,Macho,183
811ST,2006,-0.0666666667,Macho,177.5
812ST,2006,-0.0666666667,Macho,136.5
814ST,2006,-0.0666666667,Macho,131
818ST,2006,-0.0666666667,Macho,159.5
820ST,2006,-0.0666666667,Macho,171.5
821ST,2006,-0.0666666667,Macho,164
823ST,2006,-0.0666666667,Macho,124.5
824ST,2006,-0.0666666667,Macho,189
825ST,2006,-0.0666666667,Macho,158.5
826ST,2006,-0.0666666667,Macho,194.5
827ST,2006,-0.0666666667,Macho,154
832ST,2006,-0.0666666667,Macho,184.5
834ST,2006,-0.0666666667,Macho,157.5
835ST,2006,-0.0666666667,Macho,202
836ST,2006,-0.0666666667,Macho,198.5
840ST,2006,-0.0666666667,Macho,179.5
841ST,2006,-0.0666666667,Macho,133
842ST,2006,-0.0666666667,Macho,161
844ST,2006,-0.0666666667,Macho,205
845ST,2006,-0.0666666667,Macho,173
846ST,2006,-0.0666666667,Macho,197
847ST,2006,-0.0666666667,Macho,181.5
848ST,2006,-0.0666666667,Macho,189
849ST,2006,-0.0666666667,Macho,163
851ST,2006,-0.0666666667,Macho,152.5
852ST,2006,-0.0666666667,Macho,154
854ST,2006,-0.0666666667,Macho,144
855ST,2006,-0.0666666667,Macho,158.5
858ST,2006,-0.0666666667,Macho,158
859ST,2006,-0.0666666667,Macho,126.5
860ST,2006,-0.0666666667,Macho,161.5
863ST,2006,-0.0666666667,Macho,187.5
864ST,2006,-0.0666666667,Macho,171.5
871ST,2006,-0.0666666667,Macho,158
873ST,2006,-0.0666666667,Macho,210
874ST,2006,-0.0666666667,Macho,148
875ST,2006,-0.0666666667,Macho,163.5
876ST,2006,-0.0666666667,Macho,164
878ST,2007,-0.3666666667,Hembra,161
879ST,2007,-0.3666666667,Hembra,129.5
881ST,2007,-0.3666666667,Hembra,108
882ST,2007,-0.3666666667,Hembra,153
883ST,2007,-0.3666666667,Hembra,118.5
884ST,2007,-0.3666666667,Hembra,180.5
885ST,2007,-0.3666666667,Hembra,130.5
886ST,2007,-0.3666666667,Hembra,116.5
887ST,2007,-0.3666666667,Hembra,155
888ST,2007,-0.3666666667,Hembra,153
892ST,2007,-0.3666666667,Hembra,223
893ST,2007,-0.3666666667,Hembra,97.5
894ST,2007,-0.3666666667,Hembra,147
895ST,2007,-0.3666666667,Hembra,167.5
896ST,2007,-0.3666666667,Hembra,170.5
898ST,2007,-0.3666666667,Hembra,140
900ST,2007,-0.3666666667,Hembra,123.5
902ST,2007,-0.3666666667,Hembra,135.5
904ST,2007,-0.3666666667,Hembra,180.5
905ST,2007,-0.3666666667,Hembra,190
907ST,2007,-0.3666666667,Hembra,154
908ST,2007,-0.3666666667,Hembra,162
910ST,2007,-0.3666666667,Hembra,163
912ST,2007,-0.3666666667,Hembra,135
915ST,2007,-0.3666666667,Hembra,130
921ST,2007,-0.3666666667,Hembra,150.5
924ST,2007,-0.3666666667,Hembra,135
926ST,2007,-0.3666666667,Hembra,113.5
928ST,2007,-0.3666666667,Hembra,166
929ST,2007,-0.3666666667,Hembra,152
930ST,2007,-0.3666666667,Hembra,166.5
931ST,2007,-0.3666666667,Hembra,96.5
933ST,2007,-0.3666666667,Hembra,127
934ST,2007,-0.3666666667,Hembra,150
935ST,2007,-0.3666666667,Hembra,167.5
936ST,2007,-0.3666666667,Hembra,160.5
937ST,2007,-0.3666666667,Hembra,135
938ST,2007,-0.3666666667,Hembra,162.5
942ST,2007,-0.3666666667,Hembra,148
943ST,2007,-0.3666666667,Hembra,166
944ST,2007,-0.3666666667,Hembra,173
947ST,2007,-0.3666666667,Hembra,184.5
948ST,2007,-0.3666666667,Hembra,162
950ST,2007,-0.3666666667,Hembra,145
954ST,2007,-0.3666666667,Hembra,170
956ST,2007,-0.3666666667,Hembra,133
957ST,2007,-0.3666666667,Hembra,177
958ST,2007,-0.3666666667,Hembra,171
959ST,2007,-0.3666666667,Hembra,147.5
961ST,2007,-0.3666666667,Hembra,170.5
965ST,2007,-0.3666666667,Hembra,132
970ST,2007,-0.3666666667,Hembra,173.5
973ST,2007,-0.3666666667,Hembra,147.5
974ST,2007,-0.3666666667,Hembra,160
975ST,2007,-0.3666666667,Hembra,154
877ST,2007,-0.3666666667,Macho,119.5
880ST,2007,-0.3666666667,Macho,121.5
889st,2007,-0.3666666667,Macho,161.5
890ST,2007,-0.3666666667,Macho,210.5
891ST,2007,-0.3666666667,Macho,192.5
897ST,2007,-0.3666666667,Macho,155
899ST,2007,-0.3666666667,Macho,165
901ST,2007,-0.3666666667,Macho,178
903ST,2007,-0.3666666667,Macho,179.5
906ST,2007,-0.3666666667,Macho,168
909ST,2007,-0.3666666667,Macho,213.5
911ST,2007,-0.3666666667,Macho,217.5
913ST,2007,-0.3666666667,Macho,170.5
914ST,2007,-0.3666666667,Macho,175.5
916ST,2007,-0.3666666667,Macho,191.5
917ST,2007,-0.3666666667,Macho,166
918ST,2007,-0.3666666667,Macho,120.5
919ST,2007,-0.3666666667,Macho,95
920ST,2007,-0.3666666667,Macho,181
922ST,2007,-0.3666666667,Macho,163
923ST,2007,-0.3666666667,Macho,180.5
925ST,2007,-0.3666666667,Macho,156
927ST,2007,-0.3666666667,Macho,182.5
932ST,2007,-0.3666666667,Macho,173.5
939ST,2007,-0.3666666667,Macho,120
940ST,2007,-0.3666666667,Macho,173
941ST,2007,-0.3666666667,Macho,148.5
945ST,2007,-0.3666666667,Macho,161
946ST,2007,-0.3666666667,Macho,203
949ST,2007,-0.3666666667,Macho,194.5
951ST,2007,-0.3666666667,Macho,186.5
952ST,2007,-0.3666666667,Macho,185.5
953ST,2007,-0.3666666667,Macho,179
955ST,2007,-0.3666666667,Macho,169.5
960ST,2007,-0.3666666667,Macho,162.5
962ST,2007,-0.3666666667,Macho,165
963ST,2007,-0.3666666667,Macho,199.5
964ST,2007,-0.3666666667,Macho,188
966ST,2007,-0.3666666667,Macho,166
967ST,2007,-0.3666666667,Macho,171
968ST,2007,-0.3666666667,Macho,174.5
969ST,2007,-0.3666666667,Macho,177.5
971ST,2007,-0.3666666667,Macho,196.5
972ST,2007,-0.3666666667,Macho,140
976ST,2007,-0.3666666667,Macho,179
977ST,2008,-0.6833333333,Hembra,140.5
978ST,2008,-0.6833333333,Hembra,171
979ST,2008,-0.6833333333,Hembra,178
983ST,2008,-0.6833333333,Hembra,190
986ST,2008,-0.6833333333,Hembra,161
987ST,2008,-0.6833333333,Hembra,162
988ST,2008,-0.6833333333,Hembra,180.5
989ST,2008,-0.6833333333,Hembra,148
992ST,2008,-0.6833333333,Hembra,129.5
993ST,2008,-0.6833333333,Hembra,154.5
994ST,2008,-0.6833333333,Hembra,158
995ST,2008,-0.6833333333,Hembra,148
996ST,2008,-0.6833333333,Hembra,166.5
998ST,2008,-0.6833333333,Hembra,140.5
999ST,2008,-0.6833333333,Hembra,126
1001ST,2008,-0.6833333333,Hembra,158
1002ST,2008,-0.6833333333,Hembra,188
1003ST,2008,-0.6833333333,Hembra,158
1005ST,2008,-0.6833333333,Hembra,188.5
1007ST,2008,-0.6833333333,Hembra,200.5
1008ST,2008,-0.6833333333,Hembra,189.5
1014ST,2008,-0.6833333333,Hembra,144
1017ST,2008,-0.6833333333,Hembra,165
1018ST,2008,-0.6833333333,Hembra,146
1021ST,2008,-0.6833333333,Hembra,196.5
1024ST,2008,-0.6833333333,Hembra,176
1025ST,2008,-0.6833333333,Hembra,169.5
1027ST,2008,-0.6833333333,Hembra,183.5
1028ST,2008,-0.6833333333,Hembra,122
1031ST,2008,-0.6833333333,Hembra,160
1032ST,2008,-0.6833333333,Hembra,167.5
1034ST,2008,-0.6833333333,Hembra,173
1035ST,2008,-0.6833333333,Hembra,172
1036ST,2008,-0.6833333333,Hembra,105
1038ST,2008,-0.6833333333,Hembra,168.5
1042ST,2008,-0.6833333333,Hembra,171
1044ST,2008,-0.6833333333,Hembra,147.5
1046ST,2008,-0.6833333333,Hembra,140.5
1047ST,2008,-0.6833333333,Hembra,164.5
1048ST,2008,-0.6833333333,Hembra,139
1051ST,2008,-0.6833333333,Hembra,167.5
1054ST,2008,-0.6833333333,Hembra,166
1055ST,2008,-0.6833333333,Hembra,170.5
1056ST,2008,-0.6833333333,Hembra,174
1057ST,2008,-0.6833333333,Hembra,176.5
1058ST,2008,-0.6833333333,Hembra,198
1067ST,2008,-0.6833333333,Hembra,188
1068ST,2008,-0.6833333333,Hembra,176.5
1071ST,2008,-0.6833333333,Hembra,147
1072ST,2008,-0.6833333333,Hembra,168.5
1073ST,2008,-0.6833333333,Hembra,175.5
1074ST,2008,-0.6833333333,Hembra,148.5
1075ST,2008,-0.6833333333,Hembra,147.5
1076ST,2008,-0.6833333333,Hembra,162.5
1077ST,2008,-0.6833333333,Hembra,88
1078ST,2008,-0.6833333333,Hembra,176.5
1079ST,2008,-0.6833333333,Hembra,134
1081ST,2008,-0.6833333333,Hembra,168.5
1082ST,2008,-0.6833333333,Hembra,175.5
1083ST,2008,-0.6833333333,Hembra,194
1086ST,2008,-0.6833333333,Hembra,172.5
1087ST,2008,-0.6833333333,Hembra,168
1088ST,2008,-0.6833333333,Hembra,180
1090ST,2008,-0.6833333333,Hembra,152
1092ST,2008,-0.6833333333,Hembra,165
1093ST,2008,-0.6833333333,Hembra,190
"976ST (Ojo, se repite con uno de 2007) Figura en ambas planillas, deben haber repetido número ese año sin darse cuenta.",2008,-0.6833333333,Macho,182.5
980ST,2008,-0.6833333333,Macho,187.5
981ST,2008,-0.6833333333,Macho,117
982ST,2008,-0.6833333333,Macho,163.5
984ST,2008,-0.6833333333,Macho,150
985ST,2008,-0.6833333333,Macho,178.5
990ST,2008,-0.6833333333,Macho,105
991ST,2008,-0.6833333333,Macho,141
997ST,2008,-0.6833333333,Macho,161
1000ST,2008,-0.6833333333,Macho,211
1004ST,2008,-0.6833333333,Macho,192.5
1006ST,2008,-0.6833333333,Macho,222.5
1009ST,2008,-0.6833333333,Macho,171.5
1010ST,2008,-0.6833333333,Macho,201
1011ST,2008,-0.6833333333,Macho,205.5
1012ST,2008,-0.6833333333,Macho,145
1013ST,2008,-0.6833333333,Macho,178
1015ST,2008,-0.6833333333,Macho,184
1016ST,2008,-0.6833333333,Macho,218.5
1019ST,2008,-0.6833333333,Macho,175
1020ST,2008,-0.6833333333,Macho,108.5
1022ST,2008,-0.6833333333,Macho,170
1023ST,2008,-0.6833333333,Macho,203
1026ST,2008,-0.6833333333,Macho,176.5
1029ST,2008,-0.6833333333,Macho,116
1030ST,2008,-0.6833333333,Macho,179
1033ST,2008,-0.6833333333,Macho,176.5
1037ST,2008,-0.6833333333,Macho,194
1039ST,2008,-0.6833333333,Macho,159.5
1040ST,2008,-0.6833333333,Macho,186.5
1041ST,2008,-0.6833333333,Macho,178
1043ST,2008,-0.6833333333,Macho,156.5
1045ST,2008,-0.6833333333,Macho,187
1049ST,2008,-0.6833333333,Macho,180.5
1050ST,2008,-0.6833333333,Macho,151.5
1052ST,2008,-0.6833333333,Macho,114.5
1053ST,2008,-0.6833333333,Macho,147
1059ST,2008,-0.6833333333,Macho,147
1060ST,2008,-0.6833333333,Macho,136
1061ST,2008,-0.6833333333,Macho,132
1062ST,2008,-0.6833333333,Macho,112.5
1063ST,2008,-0.6833333333,Macho,109
1064ST,2008,-0.6833333333,Macho,175.5
1065ST,2008,-0.6833333333,Macho,148.5
1066ST,2008,-0.6833333333,Macho,146
1069ST,2008,-0.6833333333,Macho,199
1070ST,2008,-0.6833333333,Macho,170
1080ST,2008,-0.6833333333,Macho,111.5
1084ST,2008,-0.6833333333,Macho,167
1085ST,2008,-0.6833333333,Macho,186
1089ST,2008,-0.6833333333,Macho,171
1091ST,2008,-0.6833333333,Macho,159
1094ST,2008,-0.6833333333,Macho,190
A2,2010,-0.3,Hembra,126.5
A5,2010,-0.3,Hembra,148.5
A8,2010,-0.3,Hembra,149.5
A12,2010,-0.3,Hembra,188
A16,2010,-0.3,Hembra,210
A17,2010,-0.3,Hembra,174.5
A19,2010,-0.3,Hembra,168.5
A21,2010,-0.3,Hembra,184
A22,2010,-0.3,Hembra,193.5
A23,2010,-0.3,Hembra,196.5
A26,2010,-0.3,Hembra,185
A27,2010,-0.3,Hembra,168
A34,2010,-0.3,Hembra,138.5
A36,2010,-0.3,Hembra,152.5
A39,2010,-0.3,Hembra,105.5
A41,2010,-0.3,Hembra,173
A42,2010,-0.3,Hembra,157.5
A43,2010,-0.3,Hembra,195
A47,2010,-0.3,Hembra,163
A49,2010,-0.3,Hembra,215
A51,2010,-0.3,Hembra,67.5
A52,2010,-0.3,Hembra,171.5
A53,2010,-0.3,Hembra,121.5
A55,2010,-0.3,Hembra,167.5
A57,2010,-0.3,Hembra,132.5
A61,2010,-0.3,Hembra,138.5
A62,2010,-0.3,Hembra,126.5
A63,2010,-0.3,Hembra,203
A64,2010,-0.3,Hembra,183
A67,2010,-0.3,Hembra,132.5
A68,2010,-0.3,Hembra,156
A75,2010,-0.3,Hembra,199
A76,2010,-0.3,Hembra,139.5
A77,2010,-0.3,Hembra,159.5
A81,2010,-0.3,Hembra,138.5
A82,2010,-0.3,Hembra,136
A85,2010,-0.3,Hembra,135
A87,2010,-0.3,Hembra,154
A90,2010,-0.3,Hembra,163
A92,2010,-0.3,Hembra,111
A93,2010,-0.3,Hembra,164
A101,2010,-0.3,Hembra,120.5
A103,2010,-0.3,Hembra,119.5
A105,2010,-0.3,Hembra,146.5
A1,2010,-0.3,Macho,187.5
A3,2010,-0.3,Macho,215
A4,2010,-0.3,Macho,121
A6,2010,-0.3,Macho,192.5
A7,2010,-0.3,Macho,158.5
A9,2010,-0.3,Macho,191.5
A10,2010,-0.3,Macho,180
A11,2010,-0.3,Macho,141
A13,2010,-0.3,Macho,162.5
A14,2010,-0.3,Macho,208.5
A18,2010,-0.3,Macho,168
A20,2010,-0.3,Macho,131.5
A24,2010,-0.3,Macho,150
A25,2010,-0.3,Macho,191
A28,2010,-0.3,Macho,180
A29,2010,-0.3,Macho,170.5
A30,2010,-0.3,Macho,159
A31,2010,-0.3,Macho,180
A32,2010,-0.3,Macho,115
A33,2010,-0.3,Macho,176.5
A35,2010,-0.3,Macho,133.5
A37,2010,-0.3,Macho,190.5
A38,2010,-0.3,Macho,168
A40,2010,-0.3,Macho,155
A44,2010,-0.3,Macho,158
A45,2010,-0.3,Macho,182
A46,2010,-0.3,Macho,102.5
A48,2010,-0.3,Macho,210.5
A50,2010,-0.3,Macho,95.5
A54,2010,-0.3,Macho,173.5
A56,2010,-0.3,Macho,179
A58,2010,-0.3,Macho,152
A59,2010,-0.3,Macho,187
A60,2010,-0.3,Macho,147.5
A65,2010,-0.3,Macho,130
A66,2010,-0.3,Macho,127.5
A69,2010,-0.3,Macho,117
A70,2010,-0.3,Macho,131
A71,2010,-0.3,Macho,169.5
A72,2010,-0.3,Macho,122.5
A73,2010,-0.3,Macho,153.5
A74,2010,-0.3,Macho,171.5
A78,2010,-0.3,Macho,170
A79,2010,-0.3,Macho,198
A80,2010,-0.3,Macho,206
A83,2010,-0.3,Macho,147.5
A84,2010,-0.3,Macho,138
A86,2010,-0.3,Macho,176.5
A88,2010,-0.3,Macho,181
A89,2010,-0.3,Macho,189
A91,2010,-0.3,Macho,140
A94,2010,-0.3,Macho,180
A95,2010,-0.3,Macho,116.5
A96,2010,-0.3,Macho,119
A97,2010,-0.3,Macho,151
A98,2010,-0.3,Macho,105
A99,2010,-0.3,Macho,152
A100,2010,-0.3,Macho,160
A102,2010,-0.3,Macho,160.5
A104,2010,-0.3,Macho,114.5
A106,2011,-0.5833333333,Hembra,185.5
A108,2011,-0.5833333333,Hembra,146
A111,2011,-0.5833333333,Hembra,146.5
A112,2011,-0.5833333333,Hembra,178.5
A115,2011,-0.5833333333,Hembra,188
A116,2011,-0.5833333333,Hembra,145
A121,2011,-0.5833333333,Hembra,143
A123,2011,-0.5833333333,Hembra,199.5
A124,2011,-0.5833333333,Hembra,167.5
A127,2011,-0.5833333333,Hembra,150.5
A129,2011,-0.5833333333,Hembra,117
A131,2011,-0.5833333333,Hembra,151.5
A133,2011,-0.5833333333,Hembra,175.5
A134,2011,-0.5833333333,Hembra,102
A136,2011,-0.5833333333,Hembra,201.5
A139,2011,-0.5833333333,Hembra,116.5
A140,2011,-0.5833333333,Hembra,160
A141,2011,-0.5833333333,Hembra,172
A142,2011,-0.5833333333,Hembra,151
A143,2011,-0.5833333333,Hembra,138.5
A146,2011,-0.5833333333,Hembra,142
A148,2011,-0.5833333333,Hembra,134
A149,2011,-0.5833333333,Hembra,170.5
A151,2011,-0.5833333333,Hembra,164
A153,2011,-0.5833333333,Hembra,205
A155,2011,-0.5833333333,Hembra,130
A163,2011,-0.5833333333,Hembra,151.5
A164,2011,-0.5833333333,Hembra,124
A166,2011,-0.5833333333,Hembra,175.5
A168,2011,-0.5833333333,Hembra,122
A170,2011,-0.5833333333,Hembra,164
A171,2011,-0.5833333333,Hembra,168
A174,2011,-0.5833333333,Hembra,140
A175,2011,-0.5833333333,Hembra,168
A178,2011,-0.5833333333,Hembra,139.5
A180,2011,-0.5833333333,Hembra,188.5
A183,2011,-0.5833333333,Hembra,136
A184,2011,-0.5833333333,Hembra,180.5
A187,2011,-0.5833333333,Hembra,191.5
A191,2011,-0.5833333333,Hembra,209
A196,2011,-0.5833333333,Hembra,201
A199,2011,-0.5833333333,Hembra,175.5
A200,2011,-0.5833333333,Hembra,147.5
A201,2011,-0.5833333333,Hembra,158
A202,2011,-0.5833333333,Hembra,138.5
A205,2011,-0.5833333333,Hembra,150.5
A209,2011,-0.5833333333,Hembra,139.5
A210,2011,-0.5833333333,Hembra,137
A211,2011,-0.5833333333,Hembra,205
A212,2011,-0.5833333333,Hembra,145.5
A217,2011,-0.5833333333,Hembra,139
A219,2011,-0.5833333333,Hembra,154
A107,2011,-0.5833333333,Macho,134.5
A109,2011,-0.5833333333,Macho,157.5
A110,2011,-0.5833333333,Macho,169.5
A113,2011,-0.5833333333,Macho,135.5
A114,2011,-0.5833333333,Macho,156.5
A117,2011,-0.5833333333,Macho,116
A118,2011,-0.5833333333,Macho,180
A119,2011,-0.5833333333,Macho,207
A120,2011,-0.5833333333,Macho,176.5
A122,2011,-0.5833333333,Macho,190
A125,2011,-0.5833333333,Macho,143
A126,2011,-0.5833333333,Macho,145.5
A128,2011,-0.5833333333,Macho,168
A130,2011,-0.5833333333,Macho,127.5
A132,2011,-0.5833333333,Macho,135
A135,2011,-0.5833333333,Macho,140
A137,2011,-0.5833333333,Macho,173
A138,2011,-0.5833333333,Macho,218.5
A144,2011,-0.5833333333,Macho,163.5
A145,2011,-0.5833333333,Macho,120
A147,2011,-0.5833333333,Macho,148.5
A150,2011,-0.5833333333,Macho,174
A152,2011,-0.5833333333,Macho,172
A154,2011,-0.5833333333,Macho,152
A156,2011,-0.5833333333,Macho,147
A157,2011,-0.5833333333,Macho,177.5
A158,2011,-0.5833333333,Macho,145.5
A159,2011,-0.5833333333,Macho,139.5
A160,2011,-0.5833333333,Macho,173
A161,2011,-0.5833333333,Macho,193
A162,2011,-0.5833333333,Macho,187
A165,2011,-0.5833333333,Macho,160.5
A167,2011,-0.5833333333,Macho,226.5
A169,2011,-0.5833333333,Macho,142.5
A172,2011,-0.5833333333,Macho,203
A173,2011,-0.5833333333,Macho,165
A176,2011,-0.5833333333,Macho,123.5
A177,2011,-0.5833333333,Macho,183
A179,2011,-0.5833333333,Macho,201
A181,2011,-0.5833333333,Macho,207.5
A182,2011,-0.5833333333,Macho,146
A185,2011,-0.5833333333,Macho,237.5
A186,2011,-0.5833333333,Macho,145
A188,2011,-0.5833333333,Macho,138
A189,2011,-0.5833333333,Macho,181
A190,2011,-0.5833333333,Macho,144
A192,2011,-0.5833333333,Macho,176.5
A193,2011,-0.5833333333,Macho,181.5
A194,2011,-0.5833333333,Macho,213
A195,2011,-0.5833333333,Macho,172
A197,2011,-0.5833333333,Macho,171
A198,2011,-0.5833333333,Macho,151.5
A203,2011,-0.5833333333,Macho,199.5
A204,2011,-0.5833333333,Macho,182.5
A206,2011,-0.5833333333,Macho,152.5
A207,2011,-0.5833333333,Macho,195.5
A208,2011,-0.5833333333,Macho,163.5
A213,2011,-0.5833333333,Macho,156
A214,2011,-0.5833333333,Macho,182
A215,2011,-0.5833333333,Macho,213
A216,2011,-0.5833333333,Macho,196.5
A218,2011,-0.5833333333,Macho,221
A220,2011,-0.5833333333,Macho,136.5
A221,2011,-0.5833333333,Macho,172
A222,2012,-0.0666666667,Hembra,101.5
A223,2012,-0.0666666667,Hembra,153
A225,2012,-0.0666666667,Hembra,144
A227,2012,-0.0666666667,Hembra,148.5
A228,2012,-0.0666666667,Hembra,97.5
A231,2012,-0.0666666667,Hembra,151
A232,2012,-0.0666666667,Hembra,108
A233,2012,-0.0666666667,Hembra,132.5
A238,2012,-0.0666666667,Hembra,164.5
A239,2012,-0.0666666667,Hembra,173.5
A240,2012,-0.0666666667,Hembra,119.5
A241,2012,-0.0666666667,Hembra,149.5
A242,2012,-0.0666666667,Hembra,132.5
A244,2012,-0.0666666667,Hembra,131
A248,2012,-0.0666666667,Hembra,116
A249,2012,-0.0666666667,Hembra,130
A250,2012,-0.0666666667,Hembra,164
A253,2012,-0.0666666667,Hembra,117
A256,2012,-0.0666666667,Hembra,142
A259,2012,-0.0666666667,Hembra,113
A262,2012,-0.0666666667,Hembra,190.5
A267,2012,-0.0666666667,Hembra,134
A268,2012,-0.0666666667,Hembra,122
A269,2012,-0.0666666667,Hembra,167
A270,2012,-0.0666666667,Hembra,147.5
A272,2012,-0.0666666667,Hembra,174.5
A273,2012,-0.0666666667,Hembra,105
A274,2012,-0.0666666667,Hembra,124
A278,2012,-0.0666666667,Hembra,170
A279,2012,-0.0666666667,Hembra,128.5
A286,2012,-0.0666666667,Hembra,149.5
A287,2012,-0.0666666667,Hembra,143
A291,2012,-0.0666666667,Hembra,136
A296,2012,-0.0666666667,Hembra,107
A298,2012,-0.0666666667,Hembra,127
A300,2012,-0.0666666667,Hembra,208
A301,2012,-0.0666666667,Hembra,145
A302,2012,-0.0666666667,Hembra,130
A306,2012,-0.0666666667,Hembra,160.5
A307,2012,-0.0666666667,Hembra,155
A309,2012,-0.0666666667,Hembra,147
A311,2012,-0.0666666667,Hembra,106
A313,2012,-0.0666666667,Hembra,173
A317,2012,-0.0666666667,Hembra,133
A318,2012,-0.0666666667,Hembra,165.5
A319,2012,-0.0666666667,Hembra,121
A320,2012,-0.0666666667,Hembra,127
A322,2012,-0.0666666667,Hembra,126.5
A224,2012,-0.0666666667,Macho,152
A226,2012,-0.0666666667,Macho,112.5
A229,2012,-0.0666666667,Macho,180.5
A230,2012,-0.0666666667,Macho,165
A234,2012,-0.0666666667,Macho,94.5
A235,2012,-0.0666666667,Macho,152
A236,2012,-0.0666666667,Macho,114.5
A237,2012,-0.0666666667,Macho,174.5
A243,2012,-0.0666666667,Macho,121
A245,2012,-0.0666666667,Macho,141
A246,2012,-0.0666666667,Macho,119.5
A247,2012,-0.0666666667,Macho,126.5
A251,2012,-0.0666666667,Macho,108.5
A252,2012,-0.0666666667,Macho,150
A254,2012,-0.0666666667,Macho,152
A255,2012,-0.0666666667,Macho,187
A257,2012,-0.0666666667,Macho,122.5
A258,2012,-0.0666666667,Macho,180
A260,2012,-0.0666666667,Macho,132.5
A261,2012,-0.0666666667,Macho,115.5
A263,2012,-0.0666666667,Macho,135
A264,2012,-0.0666666667,Macho,158.5
A265,2012,-0.0666666667,Macho,158.5
A266,2012,-0.0666666667,Macho,171.5
A271,2012,-0.0666666667,Macho,170.5
A275,2012,-0.0666666667,Macho,126
A276,2012,-0.0666666667,Macho,147.5
A277,2012,-0.0666666667,Macho,194.5
A280,2012,-0.0666666667,Macho,199.5
A281,2012,-0.0666666667,Macho,151
A282,2012,-0.0666666667,Macho,128
A283,2012,-0.0666666667,Macho,203.5
A284,2012,-0.0666666667,Macho,188
A285,2012,-0.0666666667,Macho,125
A288,2012,-0.0666666667,Macho,141
A289,2012,-0.0666666667,Macho,128
A290,2012,-0.0666666667,Macho,142.5
A292,2012,-0.0666666667,Macho,148.5
A293,2012,-0.0666666667,Macho,158.5
A294,2012,-0.0666666667,Macho,199.5
A295,2012,-0.0666666667,Macho,143.5
A297,2012,-0.0666666667,Macho,137
A303,2012,-0.0666666667,Macho,182
A304,2012,-0.0666666667,Macho,83
A305,2012,-0.0666666667,Macho,222
A308,2012,-0.0666666667,Macho,193.5
A310,2012,-0.0666666667,Macho,156
A312,2012,-0.0666666667,Macho,148
A314,2012,-0.0666666667,Macho,185
A315,2012,-0.0666666667,Macho,183
A316,2012,-0.0666666667,Macho,176.5
A321,2012,-0.0666666667,Macho,152.5
A323,2012,-0.0666666667,Macho,105.5
A324,2012,-0.0666666667,Macho,199
A326,2013,-0.3,Hembra,122
A331,2013,-0.3,Hembra,164
A332,2013,-0.3,Hembra,199.5
A333,2013,-0.3,Hembra,125.5
A334,2013,-0.3,Hembra,144
A336,2013,-0.3,Hembra,162.5
A338,2013,-0.3,Hembra,148.5
A341,2013,-0.3,Hembra,105.5
A342,2013,-0.3,Hembra,105
A345,2013,-0.3,Hembra,111.5
A346,2013,-0.3,Hembra,192
A347,2013,-0.3,Hembra,137.5
A349,2013,-0.3,Hembra,68.5
A350,2013,-0.3,Hembra,196
A352,2013,-0.3,Hembra,172.5
A353,2013,-0.3,Hembra,154
A354,2013,-0.3,Hembra,152.5
A358,2013,-0.3,Hembra,101
A359,2013,-0.3,Hembra,152.5
A361,2013,-0.3,Hembra,172
A364,2013,-0.3,Hembra,154.5
A367,2013,-0.3,Hembra,121
A368,2013,-0.3,Hembra,146
A369,2013,-0.3,Hembra,124
A371,2013,-0.3,Hembra,104
A372,2013,-0.3,Hembra,83
A375,2013,-0.3,Hembra,162.5
A379,2013,-0.3,Hembra,134
A380,2013,-0.3,Hembra,116.5
A382,2013,-0.3,Hembra,104.5
A385,2013,-0.3,Hembra,169
A390,2013,-0.3,Hembra,150
A391,2013,-0.3,Hembra,90.5
A394,2013,-0.3,Hembra,167.5
A395,2013,-0.3,Hembra,167.5
A397,2013,-0.3,Hembra,118.5
A398,2013,-0.3,Hembra,155.5
A400,2013,-0.3,Hembra,184.5
A401,2013,-0.3,Hembra,207.5
A402,2013,-0.3,Hembra,187
A405,2013,-0.3,Hembra,174
A406,2013,-0.3,Hembra,144
A408,2013,-0.3,Hembra,141
A411,2013,-0.3,Hembra,174
A412,2013,-0.3,Hembra,148
A415,2013,-0.3,Hembra,161
A417,2013,-0.3,Hembra,170.5
A418,2013,-0.3,Hembra,157.5
A421,2013,-0.3,Hembra,137.5
A423,2013,-0.3,Hembra,174
A424,2013,-0.3,Hembra,137.5
A427,2013,-0.3,Hembra,147.5
A430,2013,-0.3,Hembra,161
A431,2013,-0.3,Hembra,201.5
A432,2013,-0.3,Hembra,162.5
A434,2013,-0.3,Hembra,159.5
A435,2013,-0.3,Hembra,146
A438,2013,-0.3,Hembra,194.5
A440,2013,-0.3,Hembra,158.5
A441,2013,-0.3,Hembra,159.5
A325,2013,-0.3,Macho,163
A327,2013,-0.3,Macho,118
A328,2013,-0.3,Macho,184.5
A329,2013,-0.3,Macho,112
A330,2013,-0.3,Macho,166.5
A335,2013,-0.3,Macho,125.5
A337,2013,-0.3,Macho,136
A339,2013,-0.3,Macho,204
A340,2013,-0.3,Macho,154
A343,2013,-0.3,Macho,118
A344,2013,-0.3,Macho,155.5
A348,2013,-0.3,Macho,203
A351,2013,-0.3,Macho,133
A355,2013,-0.3,Macho,185.5
A356,2013,-0.3,Macho,157
A357,2013,-0.3,Macho,144.5
A360,2013,-0.3,Macho,131.5
A362,2013,-0.3,Macho,121
A363,2013,-0.3,Macho,184
A365,2013,-0.3,Macho,174.5
A366,2013,-0.3,Macho,186.5
A370,2013,-0.3,Macho,149.5
A373,2013,-0.3,Macho,214.5
A374,2013,-0.3,Macho,122
A376,2013,-0.3,Macho,174.5
A377,2013,-0.3,Macho,163.5
A378,2013,-0.3,Macho,192.5
A381,2013,-0.3,Macho,169
A383,2013,-0.3,Macho,155.5
A384,2013,-0.3,Macho,165.5
A386,2013,-0.3,Macho,241
A387,2013,-0.3,Macho,106
A388,2013,-0.3,Macho,165
A389,2013,-0.3,Macho,208
A392,2013,-0.3,Macho,104
A393,2013,-0.3,Macho,120
A396,2013,-0.3,Macho,195.5
A399,2013,-0.3,Macho,188
A403,2013,-0.3,Macho,199.5
A404,2013,-0.3,Macho,158.5
A407,2013,-0.3,Macho,118.5
A409,2013,-0.3,Macho,209
A410,2013,-0.3,Macho,109.5
A413,2013,-0.3,Macho,86.5
A414,2013,-0.3,Macho,149.5
A416,2013,-0.3,Macho,98
A419,2013,-0.3,Macho,170.5
A420,2013,-0.3,Macho,213.5
A422,2013,-0.3,Macho,146.5
A425,2013,-0.3,Macho,223.5
A426,2013,-0.3,Macho,153.5
A428,2013,-0.3,Macho,177.5
A429,2013,-0.3,Macho,149.5
A433,2013,-0.3,Macho,152.5
A436,2013,-0.3,Macho,132.5
A437,2013,-0.3,Macho,182.5
A439,2013,-0.3,Macho,149.5
A442,2013,-0.3,Macho,195.5
A444,2014,0.0833333333,Hembra,104.5
A445,2014,0.0833333333,Hembra,140
A447,2014,0.0833333333,Hembra,180
A449,2014,0.0833333333,Hembra,116.5
A451,2014,0.0833333333,Hembra,155
A452,2014,0.0833333333,Hembra,137.5
A453,2014,0.0833333333,Hembra,161.5
A459,2014,0.0833333333,Hembra,161.5
A460,2014,0.0833333333,Hembra,129
A461,2014,0.0833333333,Hembra,158
A464,2014,0.0833333333,Hembra,165
A466,2014,0.0833333333,Hembra,175.5
A467,2014,0.0833333333,Hembra,157
A468,2014,0.0833333333,Hembra,193.5
A470,2014,0.0833333333,Hembra,144.5
A476,2014,0.0833333333,Hembra,110.5
A478,2014,0.0833333333,Hembra,161
A479,2014,0.0833333333,Hembra,128
A480,2014,0.0833333333,Hembra,155
A481,2014,0.0833333333,Hembra,161
A482,2014,0.0833333333,Hembra,167.5
A484,2014,0.0833333333,Hembra,175.5
A485,2014,0.0833333333,Hembra,132.5
A486,2014,0.0833333333,Hembra,153.5
A487,2014,0.0833333333,Hembra,148
A488,2014,0.0833333333,Hembra,144.5
A489,2014,0.0833333333,Hembra,160
A490,2014,0.0833333333,Hembra,204
A492,2014,0.0833333333,Hembra,161
A443,2014,0.0833333333,Macho,110
A446,2014,0.0833333333,Macho,160
A448,2014,0.0833333333,Macho,145.5
A450,2014,0.0833333333,Macho,99
A454,2014,0.0833333333,Macho,191.5
A455,2014,0.0833333333,Macho,172.5
A456,2014,0.0833333333,Macho,160
A457,2014,0.0833333333,Macho,133
A458,2014,0.0833333333,Macho,149.5
A462,2014,0.0833333333,Macho,145.5
A463,2014,0.0833333333,Macho,163.5
A465,2014,0.0833333333,Macho,139.5
A469,2014,0.0833333333,Macho,196
A471,2014,0.0833333333,Macho,177
A472,2014,0.0833333333,Macho,155
A473,2014,0.0833333333,Macho,137.5
A474,2014,0.0833333333,Macho,161
A475,2014,0.0833333333,Macho,203
A477,2014,0.0833333333,Macho,150
A483,2014,0.0833333333,Macho,252
A491,2014,0.0833333333,Macho,167.5
A494,2015,1.15,Hembra,118
A497,2015,1.15,Hembra,177
A498,2015,1.15,Hembra,196.5
A499,2015,1.15,Hembra,120
A502,2015,1.15,Hembra,98
A506,2015,1.15,Hembra,137.5
A510,2015,1.15,Hembra,175
A512,2015,1.15,Hembra,140.5
A513,2015,1.15,Hembra,220
A514,2015,1.15,Hembra,160
A518,2015,1.15,Hembra,137
A525,2015,1.15,Hembra,160
A526,2015,1.15,Hembra,143
A528,2015,1.15,Hembra,210
A529,2015,1.15,Hembra,170
A493,2015,1.15,Macho,128
A495,2015,1.15,Macho,179
A496,2015,1.15,Macho,93.5
A500,2015,1.15,Macho,140
A501,2015,1.15,Macho,171.5
A503,2015,1.15,Macho,140
A504,2015,1.15,Macho,153
A505,2015,1.15,Macho,149
A507,2015,1.15,Macho,131
A509,2015,1.15,Macho,142
A511,2015,1.15,Macho,180
A515,2015,1.15,Macho,166
A516,2015,1.15,Macho,178
A517,2015,1.15,Macho,171.5
A519,2015,1.15,Macho,134
A520,2015,1.15,Macho,216
A521,2015,1.15,Macho,227
A522,2015,1.15,Macho,195
A523,2015,1.15,Macho,182
A524,2015,1.15,Macho,140
A527,2015,1.15,Macho,143
